{"cameraMode":{"drawMode":0,"name":"Shaded","section":"Shading Mode"},"sceneLighting":true,"audioPlay":false,"sceneViewState":{"showFog":false,"showMaterialUpdate":false,"showSkybox":true,"showFlares":false,"showImageEffects":false,"showParticleSystems":false},"in2DMode":false,"pivot":{"x":1.564042329788208,"y":-4.142959117889404,"z":13.112893104553223},"rotation":{"x":-0.2265266329050064,"y":-0.39580124616622927,"z":0.10140606760978699,"w":-0.8841630816459656},"size":9.113248825073243,"orthographic":false}