{"cameraMode":{"drawMode":0,"name":"Shaded","section":"Shading Mode"},"sceneLighting":true,"audioPlay":false,"sceneViewState":{"showFog":false,"showMaterialUpdate":false,"showSkybox":true,"showFlares":false,"showImageEffects":false,"showParticleSystems":false},"in2DMode":false,"pivot":{"x":0.9147329330444336,"y":-0.24440717697143556,"z":-0.6482505798339844},"rotation":{"x":-0.0630306750535965,"y":0.9283502101898193,"z":-0.1851043999195099,"w":-0.31611621379852297},"size":6.2741827964782719,"orthographic":false}