{"cameraMode":{"drawMode":0,"name":"Shaded","section":"Shading Mode"},"sceneLighting":true,"audioPlay":false,"sceneViewState":{"showFog":false,"showMaterialUpdate":false,"showSkybox":true,"showFlares":false,"showImageEffects":false,"showParticleSystems":false},"in2DMode":false,"pivot":{"x":-0.06206226348876953,"y":1.7817764282226563,"z":-1.035447120666504},"rotation":{"x":-0.06805268675088883,"y":0.9139724969863892,"z":-0.17227983474731446,"w":-0.361030250787735},"size":11.198991775512696,"orthographic":false}